Feature,Human_Mean,AI_Mean,P_Value,Cohens_D,Significant
Essay Length (words),419.08124538409817,344.37655015046795,0.0,0.4932949265288336,YES ✓
Sentence Count,21.624428179322965,18.713647938093192,0.0,0.3499344347634663,YES ✓
Avg Sentence Length,20.53286317089033,19.066421602345756,0.0,0.26322019098810445,YES ✓
Avg Word Length,4.4128291893098455,4.983443588081617,0.0,-1.4077843348253825,YES ✓
Lexical Diversity,0.43692487571512034,0.47424576209530733,0.0,-0.42061259267530043,YES ✓
Readability (Flesch),62.86149263488054,46.96265539494456,0.0,0.952315303597853,YES ✓
Grade Level,9.601105515403127,11.499448251370005,0.0,-0.6501303896623718,YES ✓
Punctuation Density,0.020860589843362472,0.02198997155990608,0.0,-0.1596211127189111,YES ✓
Sentiment Compound,,,,0.0,no
